g_egl19_nS,g_shk1_nS,g_leak_nS,capacitance_pF,g_slo2_nS,v_shift_mV,distance,weight
12.873775615557587,44.69488065944146,0.4087821517183255,15.928524273207945,3.775522503763185,11.49747114304262,0.4422274899345671,0.00965720889548307
12.41173403898259,40.95191646335326,0.5,16.462525043150357,3.707514414012644,11.562658213160624,0.44748465225776984,0.009596533791246697
11.244361779040853,41.20944374720219,0.4967673478216431,13.291953476767063,3.977945036405836,10.364666954966246,0.44991810544919253,0.009568336209662975
12.91497369728543,42.56667091858594,0.5,19.017469566624797,3.824893049375726,10.511265831701905,0.4512439439020716,0.009552943812055287
13.774811962711647,44.072169312364096,0.5,21.241089879509815,3.773161993054322,9.476409867219777,0.4627044060514088,0.009419060731737858
12.494976536426725,45.0,0.3961383091853847,16.144333750271958,3.585633758504261,9.7391698915142,0.48402650787915324,0.00916630741428558
14.268797885804101,45.0,0.5,19.73594587371914,4.0,11.77496729770673,0.4901041739506035,0.009093471902003615
13.107900469872007,45.0,0.5,16.221832530417664,3.1523192057072587,12.106517384516524,0.4922026489259633,0.00906824850575823
13.791187384129536,45.0,0.5,22.009124518748454,3.0752894906631165,9.825617945466295,0.5058903778806174,0.008902839019090171
12.920405808436975,42.17514879357668,0.5,19.033919858091416,3.6319297357040115,11.517355532853543,0.5106348843098909,0.008845168588489785
11.953649091709867,45.0,0.3290917510903932,14.99251051188254,3.724345859735114,10.996144177203433,0.5147440765820631,0.00879509132609255
11.376198186727798,41.7293758839475,0.5,10.588603003355242,4.0,11.332748840289158,0.5168043655912997,0.008769939917988858
11.135928105282819,37.87415173505168,0.4448349544196194,12.17339906047387,3.966442115897032,10.910790455079894,0.5170343106813242,0.00876713105941639
12.479814296989687,45.0,0.27985260138668405,16.136247354171353,4.0,11.291449115323996,0.5170659413236025,0.008766744652866683
14.209103964800498,45.0,0.41273031873339394,20.853379084187246,4.0,11.517831805300307,0.518992860853107,0.008743192630085961
11.605393371461298,45.0,0.23235099026441167,13.454524987310123,4.0,10.963409028816663,0.5230618675344288,0.00869338053739269
16.40562686512098,43.03963159435546,0.4020131556045015,24.757692591422092,4.0,11.361387292302823,0.5336474167283431,0.008563329268869732
12.244871715667035,42.19652998462632,0.3846068335777591,18.38015072880761,3.185273424368734,10.512975449373691,0.5376542576744295,0.008513940634308959
16.73135926414823,42.43308989302754,0.26287952015151733,25.05418027959269,4.0,9.59914444577841,0.5388169389503272,0.008499593887399076
18.573307038590393,40.558138684166295,0.37207501749736693,27.048706259069615,4.0,9.723307798413014,0.539303706157989,0.008493585482381546
11.761977966459312,38.99057049347537,0.43917095642359,18.76960088530899,3.8800156159171615,10.119287215118522,0.5436599192156127,0.008439763427128247
11.311380707199366,43.895613489824804,0.37497329447813793,13.811023635117655,3.5184643098339077,11.244958848288922,0.5439805343526201,0.008435798606779675
11.594930714827013,39.02320798819633,0.4078284746094122,17.576284916373936,3.9751176117676996,9.515618504667676,0.5445365277495487,0.00842892190960443
15.959303039884194,45.0,0.2299627826788593,24.079500527615004,3.281504549281569,10.354867796093336,0.555123549183201,0.008297723642441704
17.34593599035372,44.45574074035253,0.2249009919789265,23.734801621754883,3.6568242401873348,9.958217528545553,0.5556628901121693,0.008291027826207146
12.719351900939571,45.0,0.5,19.422580817401744,3.88193777589539,10.060233617237515,0.5613305091865249,0.008220601593043945
12.078083837321893,45.0,0.2590115543618963,16.143221948177906,3.663845965403276,11.001899080397877,0.5630236638017477,0.008199540915457462
14.88647509355165,42.87041182507094,0.17432821651001137,19.821564593836285,3.772298760192084,11.162598803048478,0.564084877882644,0.0081863360420745
14.583461741882264,42.527188392680756,0.17541330592420862,20.53356016189745,3.6785326065575075,11.045216357376404,0.5678608881285311,0.008139322368331998
16.316442098639403,41.88823308030715,0.24877492203944895,23.4820380357934,3.59523433099657,10.790156257588848,0.5683239662545465,0.008133553860762519
16.593693586244953,42.704047537539765,0.20429142980432297,24.264140008610813,3.5555563003898087,9.969821772939081,0.5729769210895118,0.008075559961260062
14.741880702306654,36.902221253728825,0.22929852784766916,22.340045243133225,4.0,10.707418465672065,0.5745646016650516,0.008055758506925782
12.276032342228913,44.68959492225638,0.5,18.011007462304793,2.855865078108464,10.75572210343474,0.5748273514663566,0.008052480917727357
16.641743761384365,41.50007097641372,0.2689016499730498,25.969631117144477,3.6952597490008148,10.669314222920686,0.5749390787165234,0.008051087161734001
20.31136322090708,37.655945903975734,0.5,30.0,4.0,9.732040498354698,0.5755057158905563,0.008044018120073234
15.468761231115796,40.240068324610874,0.26012541195653927,24.338258607075833,3.8901383896726647,10.974639709532706,0.5790091197015745,0.008000295549652323
11.374099817576074,45.0,0.4709140180202439,14.052478770439489,2.253510832221205,11.079444862079635,0.579055113351997,0.007999721371225128
18.674351870002745,45.0,0.28267587655980114,28.436718754405295,3.541950071326585,9.036064975747392,0.579859270255218,0.00798968168264791
19.239740721188607,39.83614248210226,0.3448195197391563,29.138201933805192,3.6178608178220992,9.460186310458962,0.5814430725972394,0.007969904538040558
13.424413149171993,45.0,0.2678821668590027,19.93165390554305,3.6446135422190338,11.391721194581383,0.5832806101106145,0.007946952986525745
11.628948193407616,41.572810752629344,0.2627504379638203,16.388869875016375,3.706441317593462,11.494363461501889,0.5867293999635683,0.007903860387022493
17.635399929625635,42.28468816413514,0.2903531894920671,24.30725356818937,3.492529206840263,10.81926393663652,0.5871486345913366,0.007898620748952163
16.730602023392482,37.5187916528219,0.39761645853689415,26.481195645303433,3.813884613565143,11.172809399967274,0.5881740380129504,0.00788580404236968
14.058701338137466,41.858411034812605,0.0608511986519353,17.506683876116554,4.0,10.509896677259022,0.5899725789571457,0.007863320140406464
14.032832686876636,40.69456448639876,0.09827340709053767,18.70063980314711,3.556564730042587,10.880144263722837,0.5901805494524124,0.007860719980075079
10.0,36.48175924221555,0.3754863773526027,10.0,4.0,11.558076909740626,0.5905257396719669,0.007856404100377426
13.054586777119138,45.0,0.48101882160389475,19.994894111763983,2.4454533091810657,11.570405314303368,0.5908316027775395,0.007852579796748351
19.908419818047918,39.865808960610366,0.37283138565796836,28.402430487989005,3.8554021041193747,9.252779352581914,0.5918682536927378,0.00783961736037321
16.894428351288866,43.39448553314463,0.18184064267282352,24.460203540993525,4.0,9.316351675621368,0.5935254446938715,0.007818892993503974
18.703940460690717,40.83993206918622,0.30778349868302535,27.238948071381625,3.7827349668138077,10.24072357438738,0.5950859788021698,0.007799374706372505
15.686103045888395,41.04533196377122,0.1314053932604202,21.62015446975942,3.5067644366358737,10.08233466094903,0.5960463592685785,0.007787361627249273
14.681551843431569,37.907042136497765,0.2747325036261583,25.15675809824017,3.7569473264979183,10.919034973543216,0.5966586925643359,0.007779701720328893
11.829787006303437,42.08791469026153,0.4191133996819015,18.21899920698155,2.9894264996152846,10.664183455040988,0.5970091654084794,0.00777531737946984
17.48043766020316,39.60381210221331,0.22633891648909432,24.414870213554636,3.879073882786932,9.511857920511062,0.6006534314407127,0.007729722916146459
17.477263500516884,33.93378662022907,0.3675123395689307,29.40792156162076,4.0,10.115199181696099,0.6006674196999119,0.007729547888121546
16.115513960176855,41.36561762600411,0.13596480387879326,21.64007287243438,3.8963056854053915,10.262679105051404,0.6030550341535206,0.007699671377725666
10.787574928180737,42.04995756229197,0.2995415938143048,13.518571966342527,3.515697549002205,11.838911270234572,0.6038116993891761,0.007690202598138334
10.543392629065945,45.0,0.08949158442150959,10.504569722321005,3.9759059873572054,12.018073883209974,0.6042549134992621,0.007684656194425144
11.99925206641943,43.269566154160636,0.36261815404682746,18.196449255163294,2.820355695932885,10.833375855805766,0.6046569197912841,0.007679625410979225
10.0,35.77118273248395,0.3791607083952221,10.0,4.0,11.876243009626329,0.6061305308487043,0.0076611839744521746
17.3229646722971,35.9815100675245,0.3743030134573874,26.951737754233157,3.9265687348897496,10.769228552079097,0.6069374522792627,0.0076510855924703984
15.067209199122813,37.19552459297754,0.2083430350561996,20.36547791262521,3.9584642953726203,11.228741538342792,0.6069555259870022,0.007650859404141495
12.22691882013774,45.0,0.48156605590018914,17.867023318242847,3.628241688105113,11.348030370366086,0.6070057953298867,0.007650230294530952
14.394935139181207,43.33028594106847,0.20012549915289995,23.728220332347313,3.787589994305127,10.065901390239091,0.6077527192880514,0.007640882669445
10.925075084986425,45.0,0.23129067122139987,12.60802459328762,3.948814282242803,10.433249374554752,0.610541124085347,0.007605986024596795
16.000418524182415,36.514069082310385,0.23878278803443834,24.00878814742427,4.0,10.573224183240129,0.6113535547915246,0.00759581859706434
15.357167518601011,40.44440536809415,0.12186475007498519,21.551857017485435,3.549503910151303,10.560456276260767,0.6127550546727966,0.0075782793232712815
16.052901969146713,39.61287706959517,0.22345764855438136,24.136770670212,3.9870812446150263,11.002905612237779,0.6145165413717909,0.00755623564051802
14.297118102481214,41.894266560435725,0.16527035845981086,19.299784350128608,3.3497256020521062,11.807747497481934,0.6160990815654465,0.007536432282378086
17.322320895251124,36.1380087067654,0.27518967316955445,25.018881710748985,4.0,9.875882802613155,0.6162323555292438,0.00753476458792487
15.49947250921746,44.279474528644926,0.1461668525232893,23.10334751298882,3.560361678070922,9.06560131386232,0.6175418969348155,0.007518378402919277
10.0,34.943940782968,0.41899905143325566,12.012879557195983,3.4566987832911527,11.301883465543646,0.6184852026216662,0.007506575484516286
13.37781509342576,45.0,0.2716202825934418,21.58737126381487,3.735589593321356,9.649538584777899,0.6188255829545406,0.007502316679235279
10.289604371465826,38.21876770462332,0.3093190560733401,14.409859600975818,3.3510872647265675,10.899683241414573,0.6190876577388,0.00749903767627259
18.08636877045959,40.108771605641564,0.25482467488688415,30.0,3.285109484802184,9.034139750338202,0.6199417831787544,0.0074883514320948745
12.046116786447083,42.167148251440295,0.2571109338843328,18.735220229126774,4.0,10.12771408483056,0.6202370012883611,0.007484657981599281
10.665758743067375,45.0,0.29082573420146873,11.320307781077517,3.4959329060442963,12.445989116332122,0.6206212735632544,0.007479850478479351
17.6667785039183,37.76245856196488,0.28962832096696367,23.711024195642338,4.0,10.390645922296855,0.6220443322505053,0.007462048077939056
15.661690618504927,44.53937988238498,0.3398932091292878,20.030039410534123,3.907533246100528,12.430476612544707,0.622374602487885,0.007457916654247819
10.0,35.63138668842736,0.4122440534918834,14.782347994808292,4.0,10.350367313310262,0.622841763959009,0.007452072992651637
17.40193415801503,35.96034745290558,0.3317816960018405,28.063024502404133,3.628895349124194,10.632764828606062,0.6229913363897391,0.007450202052521597
18.65956827751732,41.26336092298236,0.2991190702149176,24.02145233798728,3.538157126536648,10.539286605580768,0.6230410717601738,0.007449579937755305
11.38549395078815,41.76334380907164,0.4064905513885932,16.64877134390904,3.6022629089443194,11.545677808377148,0.6232038954295639,0.007447543274334983
17.091059195206746,40.208798049752986,0.1879968943254966,24.1829862255624,4.0,8.72006014505008,0.6233590962534423,0.007445601983628232
15.84545821148912,43.82069289076933,0.47091971722959963,24.6543664367666,3.738585660562766,12.325382134777394,0.6234907926404646,0.007443954710179251
10.0,34.19782381701057,0.41304874146236215,15.48882715119249,4.0,11.274315587443816,0.6235038252031297,0.007443791698296139
13.54016234113726,43.03234750438603,0.08487969872467528,19.76630240214603,2.8771154960462404,10.497563371618487,0.6237324355319422,0.007440932256523747
14.511830157724674,37.13671739229801,0.1404397190407221,21.741076521450893,3.30508056422357,10.695526822098323,0.6239601182127156,0.007438084468186817
12.364528814427604,45.0,0.0001,14.046856161415164,3.703139183204858,11.738761740670643,0.6240902916610495,0.007436456319726032
15.626273958445186,35.49644408350209,0.2326628657282026,26.070142820354324,3.363709882072237,10.277777678411114,0.6245733683064784,0.0074304143721112366
20.023936380618814,37.84734547103185,0.49941222702920685,27.94355635982685,4.0,10.419056388204517,0.6255428811573865,0.007418289188833197
16.698450931085695,40.23342211348702,0.1815376077853709,23.627508827637655,3.420042089387557,10.594719433403798,0.6266433816027253,0.007404527058746975
10.734685685499944,43.95290948735971,0.3850845847659706,12.144862708156168,2.1842631183473027,12.338767250134637,0.6273975185785923,0.007395097128816244
11.442613049733886,43.69033786339095,0.3717329019715079,14.65181622616712,2.6126061564371095,12.412714663834418,0.6280859778316114,0.007386489051855603
18.98366615060229,43.3646838607654,0.2246609331485763,23.964059185573152,3.8760076617511032,9.931139377591403,0.6282787104888071,0.007384079345430045
18.162829437425017,43.19267780760426,0.184163560697568,26.471890133938587,3.086275744886872,9.431338792668122,0.6283684933579072,0.007382956820260972
17.337317491115982,39.336343980388286,0.20896532588461958,28.04834422827647,3.091943993283636,9.496299973624836,0.6288078229751963,0.007377464178196774
15.109219056664985,44.107601519962905,0.057982492363544816,17.344339899378102,3.679131621008947,11.395558948473486,0.6312448177965563,0.00734700079736029
12.463142915021816,45.0,0.4489767690748702,18.509290981290448,3.1304926575075833,11.86333438273092,0.6319168893235959,0.00733860113066027
18.23837254633925,39.43688086697985,0.36255176596607425,22.86781364000813,4.0,10.955609795914032,0.6321438851090979,0.007335764250612753
14.543419726153036,34.35945205543712,0.16688562860358813,21.97485959848302,3.5769718046771133,10.665347418027753,0.6339006382786696,0.007313811933826261
14.33516810269317,35.179378757980764,0.16518378124281927,22.876868178740068,3.951705305940565,10.63609201582872,0.6350614748036618,0.00729930891354233
15.802125529813225,41.84355949338487,0.085334150845247,20.550751923114518,3.6500131524834054,10.704370844038792,0.6353324283423615,0.007295924057888825
13.19831872767758,34.95781097274648,0.09559083454532594,20.478832852647724,3.7220625725060157,10.413055921891274,0.6355615206489618,0.007293062247678153
19.196963030512208,32.59252212447441,0.4217967165295917,29.767903567884353,4.0,8.902994800836181,0.6355920040334773,0.007292681457560269
19.5229541069214,36.855843717914624,0.3870571916820303,27.77460492321496,4.0,9.915134140880355,0.6369551389829808,0.007275655231072063
15.256401794826253,41.348547413134334,0.16079994908224535,16.91990824466943,4.0,11.879013922783985,0.6383348256476455,0.007258425730791796
10.126374087932609,42.41899037830186,0.2554150771935451,11.306630054772306,3.250833496559609,12.11868886364423,0.638569386059456,0.007255496903696068
16.55852539872303,42.24880158851456,0.10701992826194787,22.779601107521867,3.027865270167795,10.199642800161788,0.6386314246936048,0.0072547222790931174
17.675330259056658,38.82302335661553,0.1985079606831982,22.690958229197776,4.0,9.724266280876536,0.6389360210965124,0.00725091914677321
13.692726975111114,40.107156945725166,0.13159715717376907,22.520680480849595,3.910583057395933,10.050475890869544,0.6390433660873075,0.007249578900985184
10.305798705769515,39.91114480068141,0.5,12.859484802000111,3.6433564043643147,11.961259748562878,0.6391847032600212,0.007247814283549052
10.658610368685524,41.64044734699637,0.45588695504321913,12.624949579383065,3.253886381881631,12.602908657578514,0.639192609855701,0.007247715569587493
17.375362271312415,33.55576463631911,0.27566547631152627,30.0,4.0,8.672688375520146,0.639897200413132,0.007238919245582161
16.015344322055995,45.0,0.09668050815794622,21.96603517572158,3.479801989943032,11.03520726529155,0.6401221519653096,0.00723611109166581
14.754090597455843,45.0,0.08015986247364532,21.482329889906328,2.0453964347050717,10.816686538327271,0.6403497165448552,0.007233270423071469
17.876157028864945,36.499294563986446,0.25142718854326174,29.57802945528945,3.8577663624513003,8.678294537244518,0.6405803585173752,0.007230391447884491
14.010924735896415,45.0,0.13671339787227435,21.22310577419309,3.8414405244373744,11.307429678717233,0.6406773413792828,0.007229180897604298
10.0,39.645210167550076,0.35959665619662534,12.010491953962083,3.3813109628510913,12.185219926203438,0.6411018943019069,0.007223881813220368
17.82758742996448,37.932133140697104,0.22724064160255447,26.982416098649026,4.0,10.033658113949313,0.6414507229037436,0.0072195281693033745
19.26739971792424,34.13426532802073,0.3964230373538755,28.857835429478207,4.0,9.46639311412726,0.6422906937737889,0.007209045762457781
10.167786390672134,37.73750153786026,0.25234380166975234,10.838174386029447,3.9989267604618437,11.923307123923868,0.6423335149018261,0.0072085114174097195
11.865078572378868,45.0,0.5,16.86830446433582,2.9684721622351393,11.605601698456828,0.6423823596548256,0.007207901911200399
10.0,41.78384848380975,0.4065632343759737,11.06453164484099,3.716383021082922,11.718749176840145,0.6428053289688933,0.0072026241330144705
14.965783797208172,39.84950821275197,0.11741808058942534,21.61892623115255,2.789977371197463,11.067917310154835,0.6430688439705651,0.0071993362124087475
18.009029145097507,41.332656490173974,0.18058290212756561,24.00888340807068,3.9975850640270787,8.82572988927932,0.6432039291914454,0.007197650791312027
11.370430534728534,37.845624592306834,0.44652466527618123,19.28187135270688,3.3922658293716625,11.34259686244565,0.6440963889558509,0.007186516846298232
17.671447380564533,33.70477779855446,0.32428286867801254,27.652781324433583,3.5901603240776723,9.903917065474307,0.6459724196072774,0.007163118283692292
