cycle,time_s,direction_offset_deg,grid_38cm_length_cm,grid_55cm_length_cm,grid_78cm_length_cm,grid_38cm_offset_deg,grid_55cm_offset_deg,grid_78cm_offset_deg,grid_38cm_alignment_cosine,grid_55cm_alignment_cosine,grid_78cm_alignment_cosine
10,1.052,-1.314341946443722,4.917020868833717,7.275236865001494,10.471235007773478,-1.505572923759944,-1.4390995187734112,-1.397428576661061,0.9999944301842937,0.9999976293993547,0.9999989485540457
11,1.1520000000000001,2.203104197214058,5.007745358161485,7.4041805413906765,10.652095133383982,-0.20494190250993347,-0.16769238782807874,-0.14413298998731272,0.999116939610017,0.9991440441594776,0.9991609691042161
12,1.252,-8.521554036824886,4.876436422485717,7.217180326223069,10.389670060279627,-4.504367155565332,-4.3771244035489465,-4.299616659988736,0.9975430806928057,0.9973850408294052,0.9972863627226455
13,1.352,16.303487378996596,4.886127005667223,7.230949424696434,10.408711229935328,6.094918206318493,6.01945335874069,5.979098934621309,0.9841691121190745,0.983934824564407,0.9838088400929127
14,1.452,-24.617681995261776,4.528351593941563,6.720854362187089,9.692621719629411,-16.785912926939837,-16.337070131608044,-16.069011395217274,0.9906724373057292,0.9895745806499896,0.9888899480365367
15,1.552,25.185509771910787,4.684970429478301,6.941673460372123,10.000917352531935,16.191946108685368,15.891733064406736,15.72244235393738,0.9877059074708066,0.9868732634987348,0.9863917855151144
16,1.6520000000000001,-24.216876249481675,4.508102009774277,6.695093761731889,9.661400588489656,-17.86537216930417,-17.375628905055294,-17.077632269859738,0.9938619119800758,0.9928800115575366,0.9922470459395426
17,1.752,24.102120533688996,4.695295722843278,6.956937230278768,10.025816311455955,15.53000854398771,15.232718505016475,15.060808922909624,0.988829048393684,0.988042345699859,0.9875752909222146
18,1.852,-24.28553672611323,4.50788627814634,6.693120510553186,9.659257462841852,-17.789788492406235,-17.30637047697714,-17.006826876458813,0.9935802534481196,0.9925903998560904,0.9919415891881199
19,1.952,24.32281248350857,4.692790019187287,6.9518943106460895,10.017329492319682,15.636615272880551,15.335273398907397,15.157886325032436,0.9885302974796788,0.9877223392298234,0.9872339520219562
20,2.052,-24.283209339153547,4.507746589673478,6.692447228197408,9.656953772646034,-17.807584005222097,-17.325190582120626,-17.02785018206985,0.9936199244713367,0.992635180199536,0.9919931413277816
21,2.152,24.272629376129196,4.693348526213847,6.9526827706803545,10.017744507115026,15.61299157796152,15.312226005006472,15.13453927534916,0.9886001977139263,0.9877962152592351,0.9873084454471989
22,2.2520000000000002,-24.280941716349105,4.507829324013102,6.69256470968809,9.656865243605086,-17.802514617782574,-17.320225000301843,-17.02355895629978,0.993614408313931,0.9926294747292133,0.9919886802693457
23,2.352,24.283827471273433,4.69319161308388,6.952485669687738,10.017364349441685,15.618304066883564,15.317169877501293,15.139421684011864,0.9885847260364415,0.9877792080049367,0.9872909334065015
24,2.452,-24.282109678697175,4.507798439010943,6.6925126603978065,9.656739159956315,-17.80396214634807,-17.32161741776678,-17.024964986556505,0.9936149588349202,0.9926299494764057,0.9919892051572982
25,2.552,24.28135494279389,4.693236374860241,6.952533306424862,10.017447721429326,15.617204842718794,15.316112422133697,15.138424439430016,0.9885883370175754,0.9877830570766637,0.9872950251253704
26,2.652,-24.281730603198238,4.507816460089838,6.692540159302473,9.656765600274015,-17.803584007140625,-17.3212767351511,-17.02470055201952,0.993614960678623,0.9926300306800394,0.9919894579095726
27,2.7520000000000002,24.281877452265395,4.693222968784212,6.952517929858987,10.01738177821941,15.617390417403481,15.316301559521252,15.138597355528859,0.9885874511302011,0.9877821503416827,0.987294055582831
28,2.852,-24.281829640941204,4.507803527904652,6.692528900917954,9.656778096001807,-17.803734036571566,-17.321328406215976,-17.02472821642552,0.9936150610887425,0.9926299304961377,0.9919893005511603
29,2.952,24.281790367353477,4.693245847866345,6.952534488338703,10.017430162562812,15.617444251627388,15.316279630276027,15.138497172702975,0.9885878216466615,0.9877823275604768,0.9872940192571009
30,3.052,-24.281790367353477,4.507786993528303,6.6925232801250365,9.656726153793374,-17.803665569353694,-17.32129478832701,-17.024721850899635,0.9936150036022953,0.9926299424583795,0.9919893731045007
31,3.152,24.281795489995353,4.693234942206589,6.952530518033958,10.017423145166793,15.617214832480558,15.316242261472839,15.138619407605226,0.9885872049663308,0.9877822119869036,0.987294344054193
32,3.2520000000000002,-24.28181427301557,4.507803464431661,6.692538002435599,9.656771785102986,-17.80372058865973,-17.321309508015563,-17.02477679383993,0.9936150648695162,0.9926299230293276,0.9919894415329713
33,3.352,24.28183305603579,4.693244294599023,6.9525463179438365,10.017405951072956,15.61746256770053,15.316287034722928,15.138656139039563,0.9885877575645724,0.9877822315900165,0.9872943417395257
34,3.452,-24.281810857920984,4.507799792967349,6.692530433112214,9.656760800263294,-17.80360776847741,-17.321303041663032,-17.024754337104486,0.9936148494339334,0.992629916575673,0.9919893995515423
35,3.552,24.281797197542645,4.693243069454654,6.95254011594482,10.01742268726314,15.617313732199182,15.316247624749785,15.138437864178542,0.9885874605155535,0.987782221930238,0.9872938358273283
36,3.652,-24.28183476358308,4.50781801842429,6.69254614298627,9.656748373713882,-17.803667607988793,-17.321324241767332,-17.024747930376606,0.9936149201936544,0.9926299108531995,0.9919893327210753
37,3.7520000000000002,24.281795489995353,4.693219545749027,6.952533338151205,10.017406490133924,15.617449762553656,15.3162153054925,15.138672855344515,0.9885878226675632,0.9877821386683584,0.9872944922838465
38,3.852,-24.281817688110156,4.507812156156898,6.692544004002089,9.65677685290185,-17.803712525135296,-17.321296185295264,-17.02477041414174,0.9936150422665055,0.9926298876274755,0.9919894199382391
39,3.952,24.281822810752033,4.693241819499694,6.952545449392415,10.017400724185535,15.617460812624726,15.316254891248843,15.138691902804382,0.9885877798876135,0.9877821720284014,0.9872944693390984
40,4.0520000000000005,-24.281855254150592,4.507811334730588,6.692556285525582,9.656773529415007,-17.80368253731729,-17.32130391480901,-17.02477645216355,0.9936149092426761,0.9926298245205629,0.9919893504277281
41,4.152,24.281807442826402,4.693236562325521,6.952537689882412,10.017412505403763,15.617299354406816,15.316184892712284,15.138466107342595,0.9885873957739006,0.9877820234361594,0.9872938857429606
42,4.252,-24.281817688110156,4.507807312686786,6.692552298348639,9.656762873056417,-17.803765635700454,-17.321255129720974,-17.024700381515334,0.9936151468483223,0.992629800791208,0.9919892655353714
43,4.352,24.28184330131954,4.693259305800453,6.952553667737243,10.01743030644748,15.617493300894465,15.316210603877801,15.138691689818836,0.9885878114327639,0.9877819958358902,0.9872944119208082
44,4.452,-24.281822810752033,4.507792023910967,6.692542224252792,9.656771620230774,-17.80368652759461,-17.32126329740752,-17.02470039507549,0.993614980986301,0.9926298072317714,0.9919892542711796
45,4.5520000000000005,24.281817688110156,4.6932437433907825,6.952545831065712,10.01741965341576,15.617208717739683,15.3161534775234,15.138639829915249,0.9885871305222664,0.987781910121373,0.987294339129238
46,4.652,-24.281839886224958,4.507814672749473,6.692555591640319,9.656766678317467,-17.80371632996068,-17.321270829146055,-17.02476504135733,0.993615006047456,0.9926297870458424,0.9919893591520922
47,4.752,24.28181427301557,4.693224189257405,6.95253638127583,10.01740619427268,15.617436378710224,15.316195396469661,15.138544850564466,0.9885877380922666,0.98778203342809,0.9872940851868361
48,4.852,-24.281831348488495,4.507812833157221,6.692544173149832,9.656780477877755,-17.803646043839805,-17.32125809388631,-17.024705509636675,0.993614884455199,0.9926297781676625,0.9919892467239672
49,4.952,24.28183476358308,4.693244513489374,6.952549180676027,10.017427725113595,15.617386807278182,15.316223133598598,15.138610253582755,0.9885875538794336,0.9877820531383802,0.9872942097464071
50,5.0520000000000005,-24.281865499434346,4.507826242489436,6.692554502341289,9.656780910761524,-17.80366979992454,-17.321287244546518,-17.02473934994334,0.993614863985973,0.9926297675915533,0.9919892460390882
51,5.152,24.28181939565745,4.6932287646633135,6.952542694278464,10.017443604309213,15.617412850058507,15.316191443623545,15.138612893265176,0.9885876627600826,0.9877820087431873,0.9872942596882883
52,5.252,-24.28183305603579,4.507816431387887,6.692543818569404,9.656766843600787,-17.803703594872417,-17.321275924378085,-17.024784622499624,0.993614994419833,0.992629812269267,0.99198941738172
53,5.352,24.28184842396142,4.693251173520091,6.952557995650129,10.017422593942271,15.617478841636542,15.316253771481549,15.138617560766813,0.9885877599467185,0.9877820993162947,0.9872941921265826
54,5.452,-24.281821103204745,4.507797990030705,6.6925293823684875,9.656785140284725,-17.803695516124137,-17.321289121156994,-17.0247447544606,0.9936150020484783,0.9926298654629949,0.9919893558364571
55,5.5520000000000005,24.28183305603579,4.693243225363153,6.952550450125873,10.017434908783281,15.61731320015342,15.316230906673098,15.138532691577014,0.9885873648335513,0.9877820789251807,0.9872939993723462
56,5.652,-24.281856961697883,4.507810521713664,6.692540169624069,9.656763835883797,-17.803758463955123,-17.321300840380353,-17.02476225284608,0.9936150553912872,0.9926298144062327,0.9919893153574021
57,5.752,24.281867206981637,4.69326426962152,6.9525651592037505,10.01746400458868,15.617515758876019,15.316316106304962,15.13870535804371,0.988587807626429,0.987782217774499,0.987294383528719
58,5.852,-24.281845008866835,4.507798917620695,6.692525483906746,9.656779079545938,-17.803661352542907,-17.321318439904807,-17.024798179077376,0.993614887701024,0.9926298769121419,0.991989420917528
59,5.952,24.28183476358308,4.693253187465018,6.952550939572437,10.017410474177149,15.617263374803548,15.316312165804948,15.138686940639275,0.9885872293369152,0.9877822953003069,0.9872944224278288
