condition_type,coupling_dimensionless,delay_ms,perturbation_dimensionless,region,peak_activity_dimensionless,recruited,onset_ms
grid,0.15000000596046448,1.0,0.30000001192092896,0,0.6361941695213318,True,14.0
grid,0.15000000596046448,1.0,0.30000001192092896,1,0.061512939631938934,False,nan
grid,0.15000000596046448,1.0,0.30000001192092896,2,0.005254656076431274,False,nan
grid,0.15000000596046448,1.0,0.30000001192092896,3,0.0004463036893866956,False,nan
grid,0.15000000596046448,1.0,0.5,0,0.9283698201179504,True,11.40000057220459
grid,0.15000000596046448,1.0,0.5,1,0.10534367710351944,False,nan
grid,0.15000000596046448,1.0,0.5,2,0.00952326413244009,False,nan
grid,0.15000000596046448,1.0,0.5,3,0.000842143374029547,False,nan
grid,0.15000000596046448,1.0,0.699999988079071,0,1.0254265069961548,True,10.90000057220459
grid,0.15000000596046448,1.0,0.699999988079071,1,0.12173646688461304,False,nan
grid,0.15000000596046448,1.0,0.699999988079071,2,0.011124278418719769,False,nan
grid,0.15000000596046448,1.0,0.699999988079071,3,0.0009897374548017979,False,nan
grid,0.15000000596046448,4.0,0.30000001192092896,0,0.6361941695213318,True,14.0
grid,0.15000000596046448,4.0,0.30000001192092896,1,0.061512939631938934,False,nan
grid,0.15000000596046448,4.0,0.30000001192092896,2,0.005254656076431274,False,nan
grid,0.15000000596046448,4.0,0.30000001192092896,3,0.0004463036893866956,False,nan
grid,0.15000000596046448,4.0,0.5,0,0.9283698201179504,True,11.40000057220459
grid,0.15000000596046448,4.0,0.5,1,0.10534367710351944,False,nan
grid,0.15000000596046448,4.0,0.5,2,0.00952326413244009,False,nan
grid,0.15000000596046448,4.0,0.5,3,0.000842143374029547,False,nan
grid,0.15000000596046448,4.0,0.699999988079071,0,1.0254265069961548,True,10.90000057220459
grid,0.15000000596046448,4.0,0.699999988079071,1,0.12173646688461304,False,nan
grid,0.15000000596046448,4.0,0.699999988079071,2,0.011124278418719769,False,nan
grid,0.15000000596046448,4.0,0.699999988079071,3,0.0009897374548017979,False,nan
grid,0.15000000596046448,8.0,0.30000001192092896,0,0.6361941695213318,True,14.0
grid,0.15000000596046448,8.0,0.30000001192092896,1,0.061512939631938934,False,nan
grid,0.15000000596046448,8.0,0.30000001192092896,2,0.005254656076431274,False,nan
grid,0.15000000596046448,8.0,0.30000001192092896,3,0.0004463036893866956,False,nan
grid,0.15000000596046448,8.0,0.5,0,0.9283698201179504,True,11.40000057220459
grid,0.15000000596046448,8.0,0.5,1,0.10534367710351944,False,nan
grid,0.15000000596046448,8.0,0.5,2,0.00952326413244009,False,nan
grid,0.15000000596046448,8.0,0.5,3,0.000842143374029547,False,nan
grid,0.15000000596046448,8.0,0.699999988079071,0,1.0254265069961548,True,10.90000057220459
grid,0.15000000596046448,8.0,0.699999988079071,1,0.12173646688461304,False,nan
grid,0.15000000596046448,8.0,0.699999988079071,2,0.011124278418719769,False,nan
grid,0.15000000596046448,8.0,0.699999988079071,3,0.0009897374548017979,False,nan
grid,0.15000000596046448,12.0,0.30000001192092896,0,0.6361941695213318,True,14.0
grid,0.15000000596046448,12.0,0.30000001192092896,1,0.061512939631938934,False,nan
grid,0.15000000596046448,12.0,0.30000001192092896,2,0.005254656076431274,False,nan
grid,0.15000000596046448,12.0,0.30000001192092896,3,0.0004463036893866956,False,nan
grid,0.15000000596046448,12.0,0.5,0,0.9283698201179504,True,11.40000057220459
grid,0.15000000596046448,12.0,0.5,1,0.10534367710351944,False,nan
grid,0.15000000596046448,12.0,0.5,2,0.00952326413244009,False,nan
grid,0.15000000596046448,12.0,0.5,3,0.000842143374029547,False,nan
grid,0.15000000596046448,12.0,0.699999988079071,0,1.0254265069961548,True,10.90000057220459
grid,0.15000000596046448,12.0,0.699999988079071,1,0.12173646688461304,False,nan
grid,0.15000000596046448,12.0,0.699999988079071,2,0.011124278418719769,False,nan
grid,0.15000000596046448,12.0,0.699999988079071,3,0.0009897374548017979,False,nan
grid,0.25,1.0,0.30000001192092896,0,0.6361941695213318,True,14.0
grid,0.25,1.0,0.30000001192092896,1,0.11682266741991043,False,nan
grid,0.25,1.0,0.30000001192092896,2,0.017072850838303566,False,nan
grid,0.25,1.0,0.30000001192092896,3,0.0024225313682109118,False,nan
grid,0.25,1.0,0.5,0,0.9283698201179504,True,11.40000057220459
grid,0.25,1.0,0.5,1,0.234830841422081,False,nan
grid,0.25,1.0,0.5,2,0.03732422739267349,False,nan
grid,0.25,1.0,0.5,3,0.005511393770575523,False,nan
grid,0.25,1.0,0.699999988079071,0,1.0254265069961548,True,10.90000057220459
grid,0.25,1.0,0.699999988079071,1,0.3017842471599579,False,nan
grid,0.25,1.0,0.699999988079071,2,0.04917202144861221,False,nan
grid,0.25,1.0,0.699999988079071,3,0.007282224949449301,False,nan
grid,0.25,4.0,0.30000001192092896,0,0.6361941695213318,True,14.0
grid,0.25,4.0,0.30000001192092896,1,0.11682266741991043,False,nan
grid,0.25,4.0,0.30000001192092896,2,0.017072850838303566,False,nan
grid,0.25,4.0,0.30000001192092896,3,0.0024225313682109118,False,nan
grid,0.25,4.0,0.5,0,0.9283698201179504,True,11.40000057220459
grid,0.25,4.0,0.5,1,0.234830841422081,False,nan
grid,0.25,4.0,0.5,2,0.03732422739267349,False,nan
grid,0.25,4.0,0.5,3,0.005511393770575523,False,nan
grid,0.25,4.0,0.699999988079071,0,1.0254265069961548,True,10.90000057220459
grid,0.25,4.0,0.699999988079071,1,0.3017842471599579,False,nan
grid,0.25,4.0,0.699999988079071,2,0.04917202144861221,False,nan
grid,0.25,4.0,0.699999988079071,3,0.007282224949449301,False,nan
grid,0.25,8.0,0.30000001192092896,0,0.6361941695213318,True,14.0
grid,0.25,8.0,0.30000001192092896,1,0.11682266741991043,False,nan
grid,0.25,8.0,0.30000001192092896,2,0.017072850838303566,False,nan
grid,0.25,8.0,0.30000001192092896,3,0.0024225313682109118,False,nan
grid,0.25,8.0,0.5,0,0.9283698201179504,True,11.40000057220459
grid,0.25,8.0,0.5,1,0.234830841422081,False,nan
grid,0.25,8.0,0.5,2,0.03732422739267349,False,nan
grid,0.25,8.0,0.5,3,0.005511393770575523,False,nan
grid,0.25,8.0,0.699999988079071,0,1.0254265069961548,True,10.90000057220459
grid,0.25,8.0,0.699999988079071,1,0.3017842471599579,False,nan
grid,0.25,8.0,0.699999988079071,2,0.04917202144861221,False,nan
grid,0.25,8.0,0.699999988079071,3,0.007282224949449301,False,nan
grid,0.25,12.0,0.30000001192092896,0,0.6361941695213318,True,14.0
grid,0.25,12.0,0.30000001192092896,1,0.11682266741991043,False,nan
grid,0.25,12.0,0.30000001192092896,2,0.017072850838303566,False,nan
grid,0.25,12.0,0.30000001192092896,3,0.0024225313682109118,False,nan
grid,0.25,12.0,0.5,0,0.9283698201179504,True,11.40000057220459
grid,0.25,12.0,0.5,1,0.234830841422081,False,nan
grid,0.25,12.0,0.5,2,0.03732422739267349,False,nan
grid,0.25,12.0,0.5,3,0.005511393770575523,False,nan
grid,0.25,12.0,0.699999988079071,0,1.0254265069961548,True,10.90000057220459
grid,0.25,12.0,0.699999988079071,1,0.3017842471599579,False,nan
grid,0.25,12.0,0.699999988079071,2,0.04917202144861221,False,nan
grid,0.25,12.0,0.699999988079071,3,0.007282224949449301,False,nan
grid,0.3499999940395355,1.0,0.30000001192092896,0,0.6361941695213318,True,14.0
grid,0.3499999940395355,1.0,0.30000001192092896,1,0.1976778507232666,False,nan
grid,0.3499999940395355,1.0,0.30000001192092896,2,0.04277263209223747,False,nan
grid,0.3499999940395355,1.0,0.30000001192092896,3,0.008584897965192795,False,nan
grid,0.3499999940395355,1.0,0.5,0,0.9283698201179504,True,11.40000057220459
grid,0.3499999940395355,1.0,0.5,1,0.6416749358177185,True,16.100000381469727
grid,0.3499999940395355,1.0,0.5,2,0.20353929698467255,False,nan
grid,0.3499999940395355,1.0,0.5,3,0.04465096816420555,False,nan
grid,0.3499999940395355,1.0,0.699999988079071,0,1.0254265069961548,True,10.90000057220459
grid,0.3499999940395355,1.0,0.699999988079071,1,0.7621630430221558,True,14.699999809265137
grid,0.3499999940395355,1.0,0.699999988079071,2,0.3033706545829773,False,nan
grid,0.3499999940395355,1.0,0.699999988079071,3,0.07115530222654343,False,nan
grid,0.3499999940395355,4.0,0.30000001192092896,0,0.6361941695213318,True,14.0
grid,0.3499999940395355,4.0,0.30000001192092896,1,0.1976778507232666,False,nan
grid,0.3499999940395355,4.0,0.30000001192092896,2,0.04277263209223747,False,nan
grid,0.3499999940395355,4.0,0.30000001192092896,3,0.008584897965192795,False,nan
grid,0.3499999940395355,4.0,0.5,0,0.9283698201179504,True,11.40000057220459
grid,0.3499999940395355,4.0,0.5,1,0.6416749358177185,True,19.100000381469727
grid,0.3499999940395355,4.0,0.5,2,0.20353929698467255,False,nan
grid,0.3499999940395355,4.0,0.5,3,0.04465096816420555,False,nan
grid,0.3499999940395355,4.0,0.699999988079071,0,1.0254265069961548,True,10.90000057220459
grid,0.3499999940395355,4.0,0.699999988079071,1,0.7621630430221558,True,17.700000762939453
grid,0.3499999940395355,4.0,0.699999988079071,2,0.3033706545829773,False,nan
grid,0.3499999940395355,4.0,0.699999988079071,3,0.07115530222654343,False,nan
grid,0.3499999940395355,8.0,0.30000001192092896,0,0.6361941695213318,True,14.0
grid,0.3499999940395355,8.0,0.30000001192092896,1,0.1976778507232666,False,nan
grid,0.3499999940395355,8.0,0.30000001192092896,2,0.04277263209223747,False,nan
grid,0.3499999940395355,8.0,0.30000001192092896,3,0.008584897965192795,False,nan
grid,0.3499999940395355,8.0,0.5,0,0.9283698201179504,True,11.40000057220459
grid,0.3499999940395355,8.0,0.5,1,0.6416749358177185,True,23.100000381469727
grid,0.3499999940395355,8.0,0.5,2,0.20353929698467255,False,nan
grid,0.3499999940395355,8.0,0.5,3,0.04465096816420555,False,nan
grid,0.3499999940395355,8.0,0.699999988079071,0,1.0254265069961548,True,10.90000057220459
grid,0.3499999940395355,8.0,0.699999988079071,1,0.7621630430221558,True,21.700000762939453
grid,0.3499999940395355,8.0,0.699999988079071,2,0.3033706545829773,False,nan
grid,0.3499999940395355,8.0,0.699999988079071,3,0.07115530222654343,False,nan
grid,0.3499999940395355,12.0,0.30000001192092896,0,0.6361941695213318,True,14.0
grid,0.3499999940395355,12.0,0.30000001192092896,1,0.1976778507232666,False,nan
grid,0.3499999940395355,12.0,0.30000001192092896,2,0.04277263209223747,False,nan
grid,0.3499999940395355,12.0,0.30000001192092896,3,0.008584897965192795,False,nan
grid,0.3499999940395355,12.0,0.5,0,0.9283698201179504,True,11.40000057220459
grid,0.3499999940395355,12.0,0.5,1,0.6416749358177185,True,27.100000381469727
grid,0.3499999940395355,12.0,0.5,2,0.20353929698467255,False,nan
grid,0.3499999940395355,12.0,0.5,3,0.04465096816420555,False,nan
grid,0.3499999940395355,12.0,0.699999988079071,0,1.0254265069961548,True,10.90000057220459
grid,0.3499999940395355,12.0,0.699999988079071,1,0.7621630430221558,True,25.700000762939453
grid,0.3499999940395355,12.0,0.699999988079071,2,0.3033706545829773,False,nan
grid,0.3499999940395355,12.0,0.699999988079071,3,0.07115530222654343,False,nan
grid,0.44999998807907104,1.0,0.30000001192092896,0,0.6361941695213318,True,14.0
grid,0.44999998807907104,1.0,0.30000001192092896,1,0.3567264974117279,False,nan
grid,0.44999998807907104,1.0,0.30000001192092896,2,0.11658865958452225,False,nan
grid,0.44999998807907104,1.0,0.30000001192092896,3,0.0314411036670208,False,nan
grid,0.44999998807907104,1.0,0.5,0,0.9283698201179504,True,11.40000057220459
grid,0.44999998807907104,1.0,0.5,1,0.8421472907066345,True,14.600000381469727
grid,0.44999998807907104,1.0,0.5,2,0.7637488842010498,True,18.200000762939453
grid,0.44999998807907104,1.0,0.5,3,0.5924120545387268,True,22.399999618530273
grid,0.44999998807907104,1.0,0.699999988079071,0,1.0254265069961548,True,10.90000057220459
grid,0.44999998807907104,1.0,0.699999988079071,1,0.8874111771583557,True,13.699999809265137
grid,0.44999998807907104,1.0,0.699999988079071,2,0.8091610074043274,True,17.100000381469727
grid,0.44999998807907104,1.0,0.699999988079071,3,0.7070316672325134,True,20.899999618530273
grid,0.44999998807907104,4.0,0.30000001192092896,0,0.6361941695213318,True,14.0
grid,0.44999998807907104,4.0,0.30000001192092896,1,0.3567264974117279,False,nan
grid,0.44999998807907104,4.0,0.30000001192092896,2,0.11658865958452225,False,nan
grid,0.44999998807907104,4.0,0.30000001192092896,3,0.0314411036670208,False,nan
grid,0.44999998807907104,4.0,0.5,0,0.9283698201179504,True,11.40000057220459
grid,0.44999998807907104,4.0,0.5,1,0.8421472907066345,True,17.600000381469727
grid,0.44999998807907104,4.0,0.5,2,0.7637488842010498,True,24.200000762939453
grid,0.44999998807907104,4.0,0.5,3,0.5924120545387268,True,31.399999618530273
grid,0.44999998807907104,4.0,0.699999988079071,0,1.0254265069961548,True,10.90000057220459
grid,0.44999998807907104,4.0,0.699999988079071,1,0.8874111771583557,True,16.700000762939453
grid,0.44999998807907104,4.0,0.699999988079071,2,0.8091610074043274,True,23.100000381469727
grid,0.44999998807907104,4.0,0.699999988079071,3,0.7070316672325134,True,29.899999618530273
grid,0.44999998807907104,8.0,0.30000001192092896,0,0.6361941695213318,True,14.0
grid,0.44999998807907104,8.0,0.30000001192092896,1,0.3567264974117279,False,nan
grid,0.44999998807907104,8.0,0.30000001192092896,2,0.11658865958452225,False,nan
grid,0.44999998807907104,8.0,0.30000001192092896,3,0.0314411036670208,False,nan
grid,0.44999998807907104,8.0,0.5,0,0.9283698201179504,True,11.40000057220459
grid,0.44999998807907104,8.0,0.5,1,0.8421472907066345,True,21.600000381469727
grid,0.44999998807907104,8.0,0.5,2,0.7637488842010498,True,32.20000076293945
grid,0.44999998807907104,8.0,0.5,3,0.5924120545387268,True,43.400001525878906
grid,0.44999998807907104,8.0,0.699999988079071,0,1.0254265069961548,True,10.90000057220459
grid,0.44999998807907104,8.0,0.699999988079071,1,0.8874111771583557,True,20.700000762939453
grid,0.44999998807907104,8.0,0.699999988079071,2,0.8091610074043274,True,31.100000381469727
grid,0.44999998807907104,8.0,0.699999988079071,3,0.7070316672325134,True,41.900001525878906
grid,0.44999998807907104,12.0,0.30000001192092896,0,0.6361941695213318,True,14.0
grid,0.44999998807907104,12.0,0.30000001192092896,1,0.3567264974117279,False,nan
grid,0.44999998807907104,12.0,0.30000001192092896,2,0.11658865958452225,False,nan
grid,0.44999998807907104,12.0,0.30000001192092896,3,0.0314411036670208,False,nan
grid,0.44999998807907104,12.0,0.5,0,0.9283698201179504,True,11.40000057220459
grid,0.44999998807907104,12.0,0.5,1,0.8421472907066345,True,25.600000381469727
grid,0.44999998807907104,12.0,0.5,2,0.7637488842010498,True,40.20000076293945
grid,0.44999998807907104,12.0,0.5,3,0.5924120545387268,True,55.400001525878906
grid,0.44999998807907104,12.0,0.699999988079071,0,1.0254265069961548,True,10.90000057220459
grid,0.44999998807907104,12.0,0.699999988079071,1,0.8874111771583557,True,24.700000762939453
grid,0.44999998807907104,12.0,0.699999988079071,2,0.8091610074043274,True,39.10000228881836
grid,0.44999998807907104,12.0,0.699999988079071,3,0.7070316672325134,True,53.900001525878906
grid,0.550000011920929,1.0,0.30000001192092896,0,0.6361941695213318,True,14.0
grid,0.550000011920929,1.0,0.30000001192092896,1,0.6848555207252502,True,17.600000381469727
grid,0.550000011920929,1.0,0.30000001192092896,2,0.6846084594726562,True,21.0
grid,0.550000011920929,1.0,0.30000001192092896,3,0.592220664024353,True,24.30000114440918
grid,0.550000011920929,1.0,0.5,0,0.9283698201179504,True,11.40000057220459
grid,0.550000011920929,1.0,0.5,1,0.9215089678764343,True,14.0
grid,0.550000011920929,1.0,0.5,2,0.9134522080421448,True,16.600000381469727
grid,0.550000011920929,1.0,0.5,3,0.907412052154541,True,19.30000114440918
grid,0.550000011920929,1.0,0.699999988079071,0,1.0254265069961548,True,10.90000057220459
grid,0.550000011920929,1.0,0.699999988079071,1,0.955358624458313,True,13.300000190734863
grid,0.550000011920929,1.0,0.699999988079071,2,0.9284786581993103,True,15.90000057220459
grid,0.550000011920929,1.0,0.699999988079071,3,0.9155924916267395,True,18.5
grid,0.550000011920929,4.0,0.30000001192092896,0,0.6361941695213318,True,14.0
grid,0.550000011920929,4.0,0.30000001192092896,1,0.6848555207252502,True,20.600000381469727
grid,0.550000011920929,4.0,0.30000001192092896,2,0.6846084594726562,True,27.0
grid,0.550000011920929,4.0,0.30000001192092896,3,0.592220664024353,True,33.29999923706055
grid,0.550000011920929,4.0,0.5,0,0.9283698201179504,True,11.40000057220459
grid,0.550000011920929,4.0,0.5,1,0.9215089678764343,True,17.0
grid,0.550000011920929,4.0,0.5,2,0.9134522080421448,True,22.600000381469727
grid,0.550000011920929,4.0,0.5,3,0.907412052154541,True,28.30000114440918
grid,0.550000011920929,4.0,0.699999988079071,0,1.0254265069961548,True,10.90000057220459
grid,0.550000011920929,4.0,0.699999988079071,1,0.955358624458313,True,16.30000114440918
grid,0.550000011920929,4.0,0.699999988079071,2,0.9284786581993103,True,21.899999618530273
grid,0.550000011920929,4.0,0.699999988079071,3,0.9155924916267395,True,27.5
grid,0.550000011920929,8.0,0.30000001192092896,0,0.6361941695213318,True,14.0
grid,0.550000011920929,8.0,0.30000001192092896,1,0.6848555207252502,True,24.600000381469727
grid,0.550000011920929,8.0,0.30000001192092896,2,0.6846084594726562,True,35.0
grid,0.550000011920929,8.0,0.30000001192092896,3,0.592220664024353,True,45.29999923706055
grid,0.550000011920929,8.0,0.5,0,0.9283698201179504,True,11.40000057220459
grid,0.550000011920929,8.0,0.5,1,0.9215089678764343,True,21.0
grid,0.550000011920929,8.0,0.5,2,0.9134522080421448,True,30.600000381469727
grid,0.550000011920929,8.0,0.5,3,0.907412052154541,True,40.29999923706055
grid,0.550000011920929,8.0,0.699999988079071,0,1.0254265069961548,True,10.90000057220459
grid,0.550000011920929,8.0,0.699999988079071,1,0.955358624458313,True,20.30000114440918
grid,0.550000011920929,8.0,0.699999988079071,2,0.9284786581993103,True,29.899999618530273
grid,0.550000011920929,8.0,0.699999988079071,3,0.9155924916267395,True,39.5
grid,0.550000011920929,12.0,0.30000001192092896,0,0.6361941695213318,True,14.0
grid,0.550000011920929,12.0,0.30000001192092896,1,0.6848555207252502,True,28.600000381469727
grid,0.550000011920929,12.0,0.30000001192092896,2,0.6846084594726562,True,43.0
grid,0.550000011920929,12.0,0.30000001192092896,3,0.592220664024353,True,57.29999923706055
grid,0.550000011920929,12.0,0.5,0,0.9283698201179504,True,11.40000057220459
grid,0.550000011920929,12.0,0.5,1,0.9215089678764343,True,25.0
grid,0.550000011920929,12.0,0.5,2,0.9134522080421448,True,38.60000228881836
grid,0.550000011920929,12.0,0.5,3,0.907412052154541,True,52.29999923706055
grid,0.550000011920929,12.0,0.699999988079071,0,1.0254265069961548,True,10.90000057220459
grid,0.550000011920929,12.0,0.699999988079071,1,0.955358624458313,True,24.30000114440918
grid,0.550000011920929,12.0,0.699999988079071,2,0.9284786581993103,True,37.900001525878906
grid,0.550000011920929,12.0,0.699999988079071,3,0.9155924916267395,True,51.5
grid,0.6499999761581421,1.0,0.30000001192092896,0,0.6361941695213318,True,14.0
grid,0.6499999761581421,1.0,0.30000001192092896,1,0.8242557048797607,True,16.399999618530273
grid,0.6499999761581421,1.0,0.30000001192092896,2,0.924094557762146,True,18.700000762939453
grid,0.6499999761581421,1.0,0.30000001192092896,3,0.963272213935852,True,21.0
grid,0.6499999761581421,1.0,0.5,0,0.9283698201179504,True,11.40000057220459
grid,0.6499999761581421,1.0,0.5,1,0.9750931262969971,True,13.699999809265137
grid,0.6499999761581421,1.0,0.5,2,0.9870426654815674,True,15.90000057220459
grid,0.6499999761581421,1.0,0.5,3,0.9899053573608398,True,18.100000381469727
grid,0.6499999761581421,1.0,0.699999988079071,0,1.0254265069961548,True,10.90000057220459
grid,0.6499999761581421,1.0,0.699999988079071,1,1.0053786039352417,True,13.0
grid,0.6499999761581421,1.0,0.699999988079071,2,0.9973836541175842,True,15.199999809265137
grid,0.6499999761581421,1.0,0.699999988079071,3,0.9939925670623779,True,17.399999618530273
grid,0.6499999761581421,4.0,0.30000001192092896,0,0.6361941695213318,True,14.0
grid,0.6499999761581421,4.0,0.30000001192092896,1,0.8242557048797607,True,19.399999618530273
grid,0.6499999761581421,4.0,0.30000001192092896,2,0.924094557762146,True,24.700000762939453
grid,0.6499999761581421,4.0,0.30000001192092896,3,0.963272213935852,True,30.0
grid,0.6499999761581421,4.0,0.5,0,0.9283698201179504,True,11.40000057220459
grid,0.6499999761581421,4.0,0.5,1,0.9750931262969971,True,16.700000762939453
grid,0.6499999761581421,4.0,0.5,2,0.9870426654815674,True,21.899999618530273
grid,0.6499999761581421,4.0,0.5,3,0.9899053573608398,True,27.100000381469727
grid,0.6499999761581421,4.0,0.699999988079071,0,1.0254265069961548,True,10.90000057220459
grid,0.6499999761581421,4.0,0.699999988079071,1,1.0053786039352417,True,16.0
grid,0.6499999761581421,4.0,0.699999988079071,2,0.9973836541175842,True,21.200000762939453
grid,0.6499999761581421,4.0,0.699999988079071,3,0.9939925670623779,True,26.399999618530273
grid,0.6499999761581421,8.0,0.30000001192092896,0,0.6361941695213318,True,14.0
grid,0.6499999761581421,8.0,0.30000001192092896,1,0.8242557048797607,True,23.399999618530273
grid,0.6499999761581421,8.0,0.30000001192092896,2,0.924094557762146,True,32.70000076293945
grid,0.6499999761581421,8.0,0.30000001192092896,3,0.963272213935852,True,42.0
grid,0.6499999761581421,8.0,0.5,0,0.9283698201179504,True,11.40000057220459
grid,0.6499999761581421,8.0,0.5,1,0.9750931262969971,True,20.700000762939453
grid,0.6499999761581421,8.0,0.5,2,0.9870426654815674,True,29.899999618530273
grid,0.6499999761581421,8.0,0.5,3,0.9899053573608398,True,39.10000228881836
grid,0.6499999761581421,8.0,0.699999988079071,0,1.0254265069961548,True,10.90000057220459
grid,0.6499999761581421,8.0,0.699999988079071,1,1.0053786039352417,True,20.0
grid,0.6499999761581421,8.0,0.699999988079071,2,0.9973836541175842,True,29.200000762939453
grid,0.6499999761581421,8.0,0.699999988079071,3,0.9939925670623779,True,38.400001525878906
grid,0.6499999761581421,12.0,0.30000001192092896,0,0.6361941695213318,True,14.0
grid,0.6499999761581421,12.0,0.30000001192092896,1,0.8242557048797607,True,27.399999618530273
grid,0.6499999761581421,12.0,0.30000001192092896,2,0.924094557762146,True,40.70000076293945
grid,0.6499999761581421,12.0,0.30000001192092896,3,0.963272213935852,True,54.0
grid,0.6499999761581421,12.0,0.5,0,0.9283698201179504,True,11.40000057220459
grid,0.6499999761581421,12.0,0.5,1,0.9750931262969971,True,24.700000762939453
grid,0.6499999761581421,12.0,0.5,2,0.9870426654815674,True,37.900001525878906
grid,0.6499999761581421,12.0,0.5,3,0.9899053573608398,True,51.10000228881836
grid,0.6499999761581421,12.0,0.699999988079071,0,1.0254265069961548,True,10.90000057220459
grid,0.6499999761581421,12.0,0.699999988079071,1,1.0053786039352417,True,24.0
grid,0.6499999761581421,12.0,0.699999988079071,2,0.9973836541175842,True,37.20000076293945
grid,0.6499999761581421,12.0,0.699999988079071,3,0.9939925670623779,True,50.400001525878906
no_coupling,0.0,4.0,0.5,0,0.9283698201179504,True,11.40000057220459
no_coupling,0.0,4.0,0.5,1,0.0,False,nan
no_coupling,0.0,4.0,0.5,2,0.0,False,nan
no_coupling,0.0,4.0,0.5,3,0.0,False,nan
no_perturbation,0.550000011920929,4.0,0.0,0,0.0,False,nan
no_perturbation,0.550000011920929,4.0,0.0,1,0.0,False,nan
no_perturbation,0.550000011920929,4.0,0.0,2,0.0,False,nan
no_perturbation,0.550000011920929,4.0,0.0,3,0.0,False,nan
