g_kna_mS_cm2,current_uA_cm2,rate_hz,late_voltage_mV,late_voltage_sd_mV,h_available,sodium_mM,block,calcium_voltage_proxy,late_spikes
0,0,0.0,-64.99906158447266,0.0024718560744076967,0.5959731936454773,5.125622272491455,0.0,0.004503502044826746,0.0
0,5,2.0,-61.7333869934082,0.0024033118970692158,0.47928014397621155,5.320986747741699,0.0,0.01123875007033348,0.0
0,10,70.0,-56.62591552734375,23.00933837890625,0.33932971954345703,13.434429168701172,0.0,0.1269528865814209,7.0
0,15,80.0,-54.018028259277344,24.434112548828125,0.29949259757995605,14.267106056213379,0.0,0.14624999463558197,8.0
0,20,88.0,-52.90885543823242,24.364953994750977,0.2740617096424103,14.722277641296387,0.0,0.15803436934947968,9.0
0,30,100.0,-51.225120544433594,23.42912483215332,0.22990840673446655,15.169149398803711,0.0,0.17841053009033203,10.0
0,40,110.0,-50.16534423828125,22.242902755737305,0.19994059205055237,15.27388858795166,0.0,0.19390147924423218,11.0
0,60,126.0,-48.19206237792969,19.014570236206055,0.1561288684606552,14.97617244720459,0.0,0.21805639564990997,13.0
0,80,138.0,-46.33757019042969,15.962240219116211,0.12344136089086533,14.31429672241211,0.0,0.2371317446231842,14.0
0,90,142.0,-46.043277740478516,14.113824844360352,0.11186036467552185,13.901638984680176,0.0,0.23785053193569183,14.0
0,100,12.0,-45.24633026123047,12.4890775680542,0.10090885311365128,13.454320907592773,0.0,0.23479026556015015,0.0
0,110,6.0,-45.05912780761719,10.716686248779297,0.09316206723451614,12.979167938232422,0.0,0.22149623930454254,0.0
0,120,4.0,-44.722381591796875,8.928543090820312,0.08643294125795364,12.488821029663086,0.0,0.20302583277225494,0.0
0,130,4.0,-44.02944564819336,7.22181510925293,0.08081955462694168,12.003290176391602,0.0,0.18363560736179352,0.0
0,140,4.0,-43.70956039428711,5.309533596038818,0.07650770246982574,11.548505783081055,0.0,0.16588735580444336,0.0
0,150,2.0,-43.22368621826172,2.8905413150787354,0.07197947800159454,11.140131950378418,1.0,0.15090113878250122,0.0
0,160,2.0,-42.76473617553711,0.0016316839028149843,0.06809956580400467,11.084369659423828,1.0,0.15002712607383728,0.0
0,180,2.0,-41.74701690673828,0.0009338685194961727,0.06089998409152031,11.4607572555542,1.0,0.17090961337089539,0.0
0,200,2.0,-40.807491302490234,0.000102996826171875,0.05500434339046478,11.77619743347168,1.0,0.19338646531105042,0.0
1,0,0.0,-65.1681900024414,0.0021743904799222946,0.6019043326377869,5.119335651397705,0.0,0.0043823327869176865,0.0
1,5,2.0,-61.875,0.0005860690143890679,0.4844524562358856,5.309808254241943,0.0,0.01103990525007248,0.0
1,10,16.0,-59.7172966003418,0.00471679400652647,0.408407598733902,5.705038547515869,0.0,0.03769509494304657,0.0
1,15,70.0,-54.68275451660156,22.583694458007812,0.32455116510391235,12.955018997192383,0.0,0.12911802530288696,7.0
1,20,78.0,-55.1352653503418,22.27556610107422,0.2888553738594055,13.776481628417969,0.0,0.142438143491745,7.0
1,30,92.0,-52.21609115600586,22.60773277282715,0.24507290124893188,14.52519416809082,0.0,0.16540288925170898,9.0
1,40,102.0,-50.93680953979492,21.667985916137695,0.21154409646987915,14.826265335083008,0.0,0.1815837174654007,10.0
1,60,120.0,-49.0950927734375,18.771528244018555,0.1658698469400406,14.763469696044922,0.0,0.20881277322769165,12.0
1,80,132.0,-47.21186065673828,15.91873550415039,0.13005466759204865,14.23205280303955,0.0,0.22805526852607727,13.0
1,90,138.0,-46.46464920043945,14.421396255493164,0.11562933027744293,13.858901023864746,0.0,0.23200121521949768,14.0
1,100,144.0,-45.73806381225586,12.57453441619873,0.10492535680532455,13.428872108459473,0.0,0.2294745147228241,14.0
1,110,6.0,-45.49173355102539,10.777677536010742,0.09645424783229828,12.958524703979492,0.0,0.21619397401809692,0.0
1,120,4.0,-44.63972091674805,9.108468055725098,0.08895187079906464,12.460149765014648,0.0,0.1994388848543167,0.0
1,130,4.0,-44.33741760253906,7.341032981872559,0.08310488611459732,11.965084075927734,0.0,0.17938345670700073,0.0
1,140,4.0,-43.92732238769531,5.402365684509277,0.07872539013624191,11.500479698181152,0.0,0.16203910112380981,0.0
1,150,2.0,-43.57421875,3.0861542224884033,0.07421937584877014,11.087570190429688,0.0,0.1477423906326294,0.0
1,160,2.0,-43.02494430541992,0.0019370925147086382,0.07008267939090729,10.9862060546875,1.0,0.14563016593456268,0.0
1,180,2.0,-42.0145378112793,0.0010215207003057003,0.06270994991064072,11.368111610412598,1.0,0.16584137082099915,0.0
1,200,2.0,-41.079349517822266,0.0019988715648651123,0.05665186792612076,11.691129684448242,1.0,0.18759667873382568,0.0
2,0,0.0,-65.33180236816406,0.0023880500812083483,0.60774827003479,5.11390495300293,0.0,0.004266038071364164,0.0
2,5,2.0,-62.01592254638672,0.001038564252667129,0.489542692899704,5.299066543579102,0.0,0.010856010019779205,0.0
2,10,6.0,-59.840850830078125,0.0026980021502822638,0.41259145736694336,5.5342326164245605,0.0,0.02060983143746853,0.0
2,15,40.0,-57.67232894897461,12.031652450561523,0.3548205494880676,8.54434871673584,0.0,0.07904966920614243,2.0
2,20,70.0,-54.15554428100586,21.305503845214844,0.30757832527160645,12.574100494384766,0.0,0.12899674475193024,7.0
2,30,84.0,-53.19404983520508,21.50018882751465,0.26025325059890747,13.794281005859375,0.0,0.15222850441932678,8.0
2,40,96.0,-51.416839599609375,21.086578369140625,0.22261270880699158,14.308126449584961,0.0,0.17206130921840668,9.0
2,60,114.0,-49.634620666503906,18.61627769470215,0.1735355406999588,14.502654075622559,0.0,0.1999758929014206,11.0
2,80,128.0,-47.21842575073242,16.051307678222656,0.1366029679775238,14.11108112335205,0.0,0.22205571830272675,13.0
2,90,134.0,-46.987735748291016,14.240028381347656,0.12198511511087418,13.782986640930176,0.0,0.22636005282402039,13.0
2,100,140.0,-46.10223388671875,12.58426284790039,0.11111588031053543,13.376615524291992,0.0,0.22373583912849426,14.0
2,110,6.0,-45.708553314208984,10.740636825561523,0.10108797252178192,12.91698932647705,0.0,0.210805743932724,0.0
2,120,4.0,-45.108741760253906,9.115479469299316,0.09223803132772446,12.418060302734375,0.0,0.19357910752296448,0.0
2,130,4.0,-44.46861267089844,7.347777366638184,0.08580749481916428,11.912418365478516,0.0,0.17524762451648712,0.0
2,140,4.0,-44.20042419433594,5.493027687072754,0.08085332810878754,11.442649841308594,0.0,0.15797987580299377,0.0
2,150,2.0,-43.7427864074707,3.225651979446411,0.07649742066860199,11.0263090133667,0.0,0.14457377791404724,0.0
2,160,2.0,-43.27444839477539,0.0025608690921217203,0.07204766571521759,10.889930725097656,1.0,0.14150558412075043,0.0
2,180,2.0,-42.27407455444336,0.0022971578873693943,0.06451423466205597,11.276201248168945,1.0,0.16102054715156555,0.0
2,200,2.0,-41.34434127807617,0.0026014121249318123,0.058305274695158005,11.605735778808594,1.0,0.18213483691215515,0.0
3,0,0.0,-65.50006103515625,0.0008544921875,0.6135238409042358,5.1086015701293945,0.0,0.004154058638960123,0.0
3,5,2.0,-62.15717697143555,0.0011123117292299867,0.4946408271789551,5.288797855377197,0.0,0.010680234991014004,0.0
3,10,4.0,-59.96879577636719,0.0026222055312246084,0.41702452301979065,5.500626564025879,0.0,0.016997620463371277,0.0
3,15,26.0,-56.82957458496094,17.08445167541504,0.34299999475479126,8.48172664642334,0.0,0.05588340014219284,4.0
3,20,50.0,-55.686405181884766,16.073715209960938,0.32358530163764954,10.18089771270752,0.0,0.09631191194057465,4.0
3,30,76.0,-53.87257766723633,19.951608657836914,0.2740475833415985,12.969082832336426,0.0,0.13909050822257996,7.0
3,40,88.0,-52.57285690307617,19.74800682067871,0.23995491862297058,13.717148780822754,0.0,0.15902578830718994,8.0
3,60,108.0,-49.387725830078125,18.858901977539062,0.18142443895339966,14.18698501586914,0.0,0.1920495480298996,11.0
3,80,122.0,-48.11576461791992,15.891870498657227,0.14242960512638092,13.963265419006348,0.0,0.21288996934890747,12.0
3,90,128.0,-47.62484359741211,14.002541542053223,0.12959951162338257,13.677116394042969,0.0,0.21760454773902893,12.0
3,100,134.0,-46.61373519897461,12.524092674255371,0.11531433463096619,13.308348655700684,0.0,0.2161789983510971,13.0
3,110,6.0,-46.314720153808594,10.69266414642334,0.10502023249864578,12.86217212677002,0.0,0.20541347563266754,0.0
3,120,4.0,-45.48275375366211,8.969623565673828,0.09653066098690033,12.357161521911621,0.0,0.18799814581871033,0.0
3,130,4.0,-44.92160415649414,7.297408103942871,0.08900375664234161,11.845827102661133,0.0,0.16952967643737793,0.0
3,140,4.0,-44.55879211425781,5.491282939910889,0.08319327235221863,11.37330436706543,0.0,0.1537143886089325,0.0
3,150,2.0,-43.937232971191406,3.344904899597168,0.07833549380302429,10.958319664001465,0.0,0.14138172566890717,0.0
3,160,2.0,-43.513004302978516,0.003971613943576813,0.07399681210517883,10.795511245727539,1.0,0.13759437203407288,0.0
3,180,2.0,-42.523529052734375,0.0028210552409291267,0.0663083866238594,11.185281753540039,1.0,0.15646645426750183,0.0
3,200,2.0,-41.60272979736328,0.0024870936758816242,0.059956859797239304,11.520330429077148,1.0,0.1769513189792633,0.0
5,0,0.0,-65.82843780517578,0.0013961609220132232,0.6247761845588684,5.098394393920898,0.0,0.003940937574952841,0.0
5,5,2.0,-62.4376106262207,0.002014158759266138,0.5046525001525879,5.269442558288574,0.0,0.010342920199036598,0.0
5,10,2.0,-60.218902587890625,0.001455966616049409,0.42572468519210815,5.4573893547058105,0.0,0.013238813728094101,0.0
5,15,10.0,-57.53801727294922,11.987815856933594,0.34832364320755005,5.989718437194824,0.0,0.029187677428126335,2.0
5,20,26.0,-58.16149139404297,0.8977182507514954,0.360283225774765,8.109858512878418,0.0,0.056652069091796875,0.0
5,30,54.0,-54.94809341430664,16.593225479125977,0.28529784083366394,10.60789680480957,0.0,0.10395573824644089,5.0
5,40,76.0,-53.29751968383789,17.85120391845703,0.25125110149383545,12.389531135559082,0.0,0.1396503895521164,7.0
5,60,96.0,-50.999488830566406,17.429336547851562,0.19810079038143158,13.435452461242676,0.0,0.1730096936225891,9.0
5,80,112.0,-49.260501861572266,15.414839744567871,0.15499503910541534,13.55375862121582,0.0,0.1973860263824463,10.0
5,90,120.0,-47.81464385986328,14.093283653259277,0.13843022286891937,13.383031845092773,0.0,0.20541802048683167,12.0
5,100,126.0,-47.53367233276367,12.30308723449707,0.1249702200293541,13.0940523147583,0.0,0.20347200334072113,12.0
5,110,6.0,-46.76048278808594,10.66169261932373,0.11301354318857193,12.684443473815918,0.0,0.1944558173418045,0.0
5,120,4.0,-46.31183624267578,8.868175506591797,0.1021043211221695,12.187803268432617,0.0,0.17608371376991272,0.0
5,130,4.0,-45.39848709106445,7.190244674682617,0.09385416656732559,11.666465759277344,0.0,0.1591586470603943,0.0
5,140,4.0,-45.03108215332031,5.372872829437256,0.0883302092552185,11.195374488830566,0.0,0.14459694921970367,0.0
5,150,2.0,-44.461212158203125,3.359992504119873,0.0825207456946373,10.795890808105469,0.0,0.13389945030212402,0.0
5,160,2.0,-43.96642303466797,0.011591549962759018,0.07782939076423645,10.613310813903809,1.0,0.13040748238563538,0.0
5,180,2.0,-42.99443435668945,0.0031072625424712896,0.06985661387443542,11.007376670837402,1.0,0.1480596363544464,0.0
5,200,2.0,-42.09156036376953,0.0034189026337116957,0.06324513256549835,11.350973129272461,1.0,0.16731847822666168,0.0
