seed,fraction,group,current_uA_cm2,n,rate_hz,late_voltage_mV,late_voltage_sd_mV,h_available,sodium_mM,block,calcium_voltage_proxy,late_spikes,synaptic_g_mS_cm2,synaptic_inward_uA_cm2
0,0,all,10,40,2.0,-60.31101608276367,0.001938818721100688,0.4290301203727722,5.437296390533447,0.0,0.013054540380835533,0.0,0.009243013337254524,0.43169504404067993
0,0,control,10,40,2.0,-60.31101608276367,0.001938818721100688,0.4290301203727722,5.437296390533447,0.0,0.013054540380835533,0.0,0.009243013337254524,0.43169504404067993
0,0.25,all,10,40,16.0,-59.459556579589844,8.886641502380371,0.4089670181274414,6.8731842041015625,0.0,0.03681044280529022,1.0,0.07394349575042725,3.7886147499084473
0,0.25,KD,10,10,16.0,-58.76921844482422,8.711987495422363,0.38384443521499634,6.892826080322266,0.0,0.03858643025159836,1.0,0.0763493999838829,3.8840789794921875
0,0.25,control,10,30,16.0,-59.68967819213867,8.944860458374023,0.4173412322998047,6.866636276245117,0.0,0.03621844947338104,1.0,0.07314152270555496,3.7567927837371826
0,0.5,all,10,40,22.0,-58.420326232910156,12.471339225769043,0.38212156295776367,7.866650581359863,0.0,0.047601889818906784,2.0,0.10150265693664551,5.1660027503967285
0,0.5,KD,10,20,22.0,-57.84467315673828,12.340105056762695,0.36359772086143494,7.870820045471191,0.0,0.049012478440999985,2.0,0.09952060878276825,5.033836841583252
0,0.5,control,10,20,22.0,-58.99597930908203,12.602575302124023,0.4006454348564148,7.862481594085693,0.0,0.04619130119681358,2.0,0.10348469018936157,5.298168659210205
0,0.75,all,10,40,26.0,-58.15340042114258,12.415742874145508,0.37104982137680054,8.17857551574707,0.0,0.05519983172416687,2.0,0.12009789794683456,6.051783084869385
0,0.75,KD,10,30,26.0,-57.86949157714844,12.37848949432373,0.36220890283584595,8.177523612976074,0.0,0.05596737563610077,2.0,0.11914274096488953,5.9449028968811035
0,0.75,control,10,10,26.0,-59.00513458251953,12.527508735656738,0.3975726068019867,8.181727409362793,0.0,0.05289718508720398,2.0,0.1229633316397667,6.372424125671387
0,1,all,10,40,28.950000762939453,-57.4429931640625,13.024380683898926,0.36064332723617554,8.112071990966797,0.0,0.06032724305987358,2.4749999046325684,0.1301535964012146,6.449625492095947
0,1,KD,10,40,28.950000762939453,-57.4429931640625,13.024380683898926,0.36064332723617554,8.112071990966797,0.0,0.06032724305987358,2.4749999046325684,0.1301535964012146,6.449625492095947
0,0,all,30,40,78.1500015258789,-53.16485595703125,18.927152633666992,0.2394835501909256,13.376312255859375,0.0,0.13962896168231964,7.099999904632568,0.3595038056373596,17.358137130737305
0,0,control,30,40,78.1500015258789,-53.16485595703125,18.927152633666992,0.2394835501909256,13.376312255859375,0.0,0.13962896168231964,7.099999904632568,0.3595038056373596,17.358137130737305
0,0.25,all,30,40,82.8499984741211,-52.094276428222656,18.832822799682617,0.22402147948741913,13.377998352050781,0.0,0.1491701900959015,8.074999809265137,0.37954825162887573,18.427959442138672
0,0.25,KD,30,10,85.4000015258789,-50.234615325927734,16.793807983398438,0.1826598197221756,12.733278274536133,0.0,0.15876397490501404,8.300000190734863,0.392551451921463,19.52336883544922
0,0.25,control,30,30,82.0,-52.71415710449219,19.512495040893555,0.2378087043762207,13.59290599822998,0.0,0.14597225189208984,8.0,0.37521377205848694,18.062824249267578
0,0.5,all,30,40,90.3499984741211,-51.092281341552734,19.10506820678711,0.20600417256355286,13.935093879699707,0.0,0.16270335018634796,9.024999618530273,0.41553592681884766,20.113983154296875
0,0.5,KD,30,20,90.69999694824219,-49.763336181640625,17.060449600219727,0.1775747835636139,13.108011245727539,0.0,0.1669423133134842,9.050000190734863,0.4077603816986084,20.248685836791992
0,0.5,control,30,20,90.0,-52.421226501464844,21.149690628051758,0.23443356156349182,14.762178421020508,0.0,0.15846437215805054,9.0,0.4233114719390869,19.979280471801758
0,0.75,all,30,40,94.4000015258789,-49.94208526611328,18.984546661376953,0.19206678867340088,13.776588439941406,0.0,0.17042425274848938,9.949999809265137,0.4284631311893463,20.245513916015625
0,0.75,KD,30,30,94.66666412353516,-49.2573356628418,18.20384407043457,0.1787245124578476,13.411176681518555,0.0,0.17295970022678375,10.0,0.42502591013908386,20.18227195739746
0,0.75,control,30,10,93.5999984741211,-51.9963493347168,21.326656341552734,0.23209364712238312,14.872820854187012,0.0,0.16281798481941223,9.800000190734863,0.43877506256103516,20.435245513916016
0,1,all,30,40,97.0,-49.97307205200195,18.23584747314453,0.18259388208389282,13.720102310180664,0.0,0.17647865414619446,9.449999809265137,0.443399578332901,20.30406379699707
0,1,KD,30,40,97.0,-49.97307205200195,18.23584747314453,0.18259388208389282,13.720102310180664,0.0,0.17647865414619446,9.449999809265137,0.443399578332901,20.30406379699707
0,0,all,70,40,86.6500015258789,-48.4870719909668,13.528175354003906,0.14231401681900024,13.195828437805176,0.0,0.1830216497182846,8.225000381469727,0.3975350558757782,18.74530792236328
0,0,control,70,40,86.6500015258789,-48.4870719909668,13.528175354003906,0.14231401681900024,13.195828437805176,0.0,0.1830216497182846,8.225000381469727,0.3975350558757782,18.74530792236328
0,0.25,all,70,40,84.6500015258789,-47.892433166503906,13.363824844360352,0.13442382216453552,13.262033462524414,0.0,0.1893227994441986,8.225000381469727,0.3884727358818054,18.252853393554688
0,0.25,KD,70,10,69.4000015258789,-46.37372589111328,11.949188232421875,0.11155901849269867,12.997027397155762,0.0,0.20060041546821594,6.900000095367432,0.4166885018348694,19.276220321655273
0,0.25,control,70,30,89.73332977294922,-48.398658752441406,13.835368156433105,0.14204543828964233,13.350367546081543,0.0,0.1855635792016983,8.666666984558105,0.37906748056411743,17.911731719970703
0,0.5,all,70,40,83.6500015258789,-47.35188674926758,13.31788444519043,0.12618331611156464,13.485730171203613,0.0,0.19813232123851776,8.274999618530273,0.39239954948425293,18.32159996032715
0,0.5,KD,70,20,78.30000305175781,-46.27545928955078,12.797445297241211,0.11217759549617767,13.427330017089844,0.0,0.20958824455738068,7.900000095367432,0.39409905672073364,18.159523010253906
0,0.5,control,70,20,89.0,-48.42831039428711,13.838323593139648,0.1401890218257904,13.54412841796875,0.0,0.18667641282081604,8.649999618530273,0.3907000422477722,18.483680725097656
0,0.75,all,70,40,85.6500015258789,-46.99047088623047,13.001602172851562,0.11884492635726929,13.478652954101562,0.0,0.20874157547950745,8.149999618530273,0.3984902799129486,18.378925323486328
0,0.75,KD,70,30,86.5999984741211,-46.53358840942383,13.151591300964355,0.11373536288738251,13.591338157653809,0.0,0.21565012633800507,8.833333015441895,0.3975273072719574,18.206905364990234
0,0.75,control,70,10,82.80000305175781,-48.36111068725586,12.551634788513184,0.13417358696460724,13.140592575073242,0.0,0.18801595270633698,6.099999904632568,0.40137919783592224,18.89499282836914
0,1,all,70,40,87.25,-46.517913818359375,12.8572998046875,0.11322112381458282,13.324894905090332,0.0,0.21170373260974884,8.425000190734863,0.40324005484580994,18.236835479736328
0,1,KD,70,40,87.25,-46.517913818359375,12.8572998046875,0.11322112381458282,13.324894905090332,0.0,0.21170373260974884,8.425000190734863,0.40324005484580994,18.236835479736328
0,0,all,100,40,37.75,-47.08803939819336,11.409531593322754,0.11706997454166412,13.01684284210205,0.0,0.18637573719024658,3.5250000953674316,0.18646883964538574,8.631528854370117
0,0,control,100,40,37.75,-47.08803939819336,11.409531593322754,0.11706997454166412,13.01684284210205,0.0,0.18637573719024658,3.5250000953674316,0.18646883964538574,8.631528854370117
0,0.25,all,100,40,35.79999923706055,-46.61767578125,11.435724258422852,0.11255975067615509,13.082178115844727,0.0,0.19526273012161255,3.450000047683716,0.16953447461128235,7.7606000900268555
0,0.25,KD,100,10,31.600000381469727,-45.23735046386719,10.765899658203125,0.09689830988645554,12.99389362335205,0.0,0.21040639281272888,3.0,0.185767263174057,8.299993515014648
0,0.25,control,100,30,37.20000076293945,-47.07777404785156,11.659000396728516,0.11778023093938828,13.111603736877441,0.0,0.1902148276567459,3.5999999046325684,0.1641235500574112,7.580803871154785
0,0.5,all,100,40,32.54999923706055,-46.26306915283203,11.3298921585083,0.10814066231250763,13.09985637664795,0.0,0.20319175720214844,2.825000047683716,0.15635895729064941,7.086824893951416
0,0.5,KD,100,20,29.700000762939453,-45.29750061035156,10.994317054748535,0.0973588153719902,13.079263687133789,0.0,0.21488919854164124,2.5,0.1564686894416809,6.979257106781006
0,0.5,control,100,20,35.400001525878906,-47.228641510009766,11.665468215942383,0.11892250925302505,13.120450019836426,0.0,0.19149436056613922,3.1500000953674316,0.15624921023845673,7.19439172744751
0,0.75,all,100,40,32.900001525878906,-45.76251220703125,11.119070053100586,0.10242225974798203,13.075155258178711,0.0,0.20870299637317657,2.924999952316284,0.15558777749538422,6.972025394439697
0,0.75,KD,100,30,35.266666412353516,-45.33977127075195,11.07060432434082,0.09845124930143356,13.079771995544434,0.0,0.2140321284532547,3.1666667461395264,0.15603725612163544,6.956582069396973
0,0.75,control,100,10,25.799999237060547,-47.0307502746582,11.264464378356934,0.11433529853820801,13.061304092407227,0.0,0.19271570444107056,2.200000047683716,0.15423938632011414,7.018357276916504
0,1,all,100,40,30.049999237060547,-45.31125259399414,11.050143241882324,0.09762823581695557,13.080182075500488,0.0,0.21489660441875458,2.7249999046325684,0.14568382501602173,6.475288391113281
0,1,KD,100,40,30.049999237060547,-45.31125259399414,11.050143241882324,0.09762823581695557,13.080182075500488,0.0,0.21489660441875458,2.7249999046325684,0.14568382501602173,6.475288391113281
0,0,all,140,40,5.5,-45.16854476928711,6.21845817565918,0.09070266783237457,11.572227478027344,0.125,0.15124991536140442,0.32499998807907104,0.024804143235087395,1.0233447551727295
0,0,control,140,40,5.5,-45.16854476928711,6.21845817565918,0.09070266783237457,11.572227478027344,0.125,0.15124991536140442,0.32499998807907104,0.024804143235087395,1.0233447551727295
0,0.25,all,140,40,5.5,-44.831974029541016,6.007240295410156,0.08742143213748932,11.610435485839844,0.125,0.15597227215766907,0.32499998807907104,0.024804748594760895,1.010624647140503
0,0.25,KD,140,10,2.200000047683716,-43.886985778808594,5.655644416809082,0.07869424670934677,11.803560256958008,0.2,0.17267227172851562,0.0,0.03158845752477646,1.2773650884628296
0,0.25,control,140,30,6.599999904632568,-45.14696502685547,6.124439716339111,0.09033050388097763,11.546061515808105,0.1,0.15040558576583862,0.4333333373069763,0.022543514147400856,0.9217112064361572
0,0.5,all,140,40,5.5,-44.48838806152344,5.834831237792969,0.08430616557598114,11.65085220336914,0.15,0.1606496125459671,0.32499998807907104,0.02480589970946312,1.0011717081069946
0,0.5,KD,140,20,2.299999952316284,-43.82488250732422,5.618951320648193,0.07803113758563995,11.751715660095215,0.15,0.17064224183559418,0.0,0.025978293269872665,1.0351892709732056
0,0.5,control,140,20,8.699999809265137,-45.15188980102539,6.050711631774902,0.09058118611574173,11.54998779296875,0.15,0.15065696835517883,0.6499999761581421,0.023633506149053574,0.9671542048454285
0,0.75,all,140,40,2.25,-44.137535095214844,5.830358505249023,0.08114989846944809,11.737062454223633,0.175,0.1677584946155548,0.0,0.010506156831979752,0.35947293043136597
0,0.75,KD,140,30,2.3333332538604736,-43.87974166870117,5.9502997398376465,0.07909000664949417,11.86897087097168,0.2,0.17557653784751892,0.0,0.010425956919789314,0.35249096155166626
0,0.75,control,140,10,2.0,-44.91091537475586,5.470537185668945,0.08732958883047104,11.341331481933594,0.1,0.1443042904138565,0.0,0.010746756568551064,0.3804188370704651
0,1,all,140,40,2.25,-43.81288146972656,5.615546226501465,0.07818423211574554,11.78525161743164,0.2,0.17231442034244537,0.0,0.010506157763302326,0.3542519509792328
0,1,KD,140,40,2.25,-43.81288146972656,5.615546226501465,0.07818423211574554,11.78525161743164,0.2,0.17231442034244537,0.0,0.010506157763302326,0.3542519509792328
