cycle,direction_offset_deg,grid_38cm_length_cm,grid_55cm_length_cm,grid_78cm_length_cm,grid_38cm_offset_deg,grid_55cm_offset_deg,grid_78cm_offset_deg,grid_38cm_alignment_cosine,grid_55cm_alignment_cosine,grid_78cm_alignment_cosine
10,-1.322089622118338,4.916997173870394,7.275203712960532,10.471186179587088,-1.5086539606060736,-1.4421199220378809,-1.4004186977366428,0.9999946987092854,0.9999978056476543,0.999999065518572
11,2.216239504761639,5.007729723868672,7.4041603186972536,10.65206377564234,-0.20101821805371148,-0.16384195704739088,-0.14031895915036594,0.9991101716589439,0.9991373275462183,0.9991542929460514
12,-8.567476813709467,4.87596156966698,7.216504176027508,10.388721601011763,-4.525825870359278,-4.3981256120351295,-4.320348819607271,0.9975130774862269,0.9973535112911002,0.9972538986057778
13,16.386199262298163,4.884750797660544,7.228977704119789,10.40593385198675,6.1528613828782355,6.076278553147254,6.035270483946457,0.9840924035959033,0.983854063753284,0.9837257164763882
14,-24.634079571911684,4.527758391150852,6.720016220226319,9.691450573448924,-16.809976875233914,-16.360419641575177,-16.09192846991765,0.9906906611475805,0.9895920480703285,0.9889068559705363
15,25.17424337487485,4.685105108099276,6.941877142992977,10.001225010156858,16.18693050203368,15.886781693765629,15.717501919733268,0.9877229559991966,0.9868910573405657,0.9864099320274627
16,-24.21430809835375,4.508149365125137,6.695161025349915,9.661508976326436,-17.86317720659933,-17.373524902895475,-17.075510691853573,0.9938626325181233,0.9928809764975464,0.9922480145778405
17,24.103858816832766,4.695274914332086,6.95690007422359,10.025763952841364,15.530606297598254,15.233271085166182,15.06132429859223,0.9888260811282982,0.9880391547653388,0.9875719365983133
18,-24.28621974503023,4.507874585787865,6.693099771213464,9.659221180170796,-17.790225116480563,-17.30680663125281,-17.007263693997107,0.9935797669367598,0.9925898763155667,0.9919410447630006
19,24.32244365329339,4.6927947181409495,6.951900868826054,10.017334955122122,15.636493666576106,15.335145305423104,15.157758878570148,0.9885309491139095,0.9877229956011969,0.9872346230373258
20,-24.283038584424297,4.507750858013173,6.692452326890697,9.656958591642223,-17.807483224058487,-17.32509051733288,-17.02774864589645,0.993620062205961,0.9926353296604913,0.99199329389908
21,24.27270621575736,4.693348167937628,6.952683196110581,10.017743591204015,15.613008628805078,15.312271372967153,15.134568534829826,0.9886000405977218,0.9877961297070558,0.9873083135625274
22,-24.280991235220583,4.507829273885695,6.692563076041955,9.656863746406312,-17.802542605977287,-17.32024016733829,-17.02357493020419,0.9936143659148032,0.9926294020699701,0.9919886063086136
23,24.283817225989676,4.693192089073484,6.952486306282467,10.017364801454875,15.618304421109372,15.317189031843226,15.13941908604357,0.9885847539090808,0.9877792879795613,0.9872909546181171
24,-24.282102848508003,4.5077991015834735,6.69251393525144,9.656740408843026,-17.803958399944612,-17.321592402480732,-17.024966693877207,0.9936149649073702,0.9926299110134983,0.9919892239803322
25,24.281353235246595,4.693236778063079,6.952533624700681,10.017447721429326,15.6172061049917,15.316121999287887,15.138424439430016,0.9885883448258372,0.9877830877692112,0.9872950298608956
26,-24.28173231074553,4.507816269184645,6.692539800559093,9.656765600274015,-17.80357645120699,-17.32126688737254,-17.02470055201952,0.9936149424373846,0.9926300062397638,0.9919894541449223
27,24.28188257490727,4.693223192902854,6.952520261015305,10.01738298360539,15.617400205480783,15.316306593611927,15.138590427725186,0.9885874633970525,0.9877821501008288,0.9872940221621498
28,-24.28183476358308,4.50780490077876,6.692530893274751,9.656778096001807,-17.80372843282793,-17.321323086626144,-17.02472821642552,0.9936150399669802,0.9926299084099818,0.9919892892570965
29,24.281790367353477,4.693247012440915,6.952535494777181,10.01743105508647,15.617429724575642,15.31627735874751,15.138516041820761,0.9885877834511899,0.9877823213821018,0.9872940715886606
30,-24.28179890508994,4.507786993528303,6.6925231007531405,9.656726153793375,-17.803665569353694,-17.321289864425935,-17.02472185089963,0.9936149867902182,0.9926299139859555,0.9919893542811415
31,24.281797197542645,4.693234942206589,6.952531868552828,10.017426448467864,15.617214832480558,15.316234065611107,15.138624421168267,0.9885872004766189,0.9877821850502889,0.9872943532229794
32,-24.281826225846615,4.50780371897393,6.692538181807693,9.656771785102986,-17.803730663258236,-17.32131443190515,-17.024776793839926,0.9936150611710157,0.9926299081625499,0.9919894151803745
33,24.281831348488495,4.693245459173213,6.952547157315594,10.017406397339222,15.617448040639422,15.316287875003113,15.13866557361461,0.9885877238585802,0.9877822385199277,0.9872943726406807
34,-24.281810857920984,4.507800606675203,6.692531050877567,9.656760299949275,-17.803610003928075,-17.321306520688477,-17.02474464262962,0.9936148538359186,0.9926299239340899,0.9919893781779269
35,24.281795489995353,4.6932435061711,6.952540460024938,10.017425544301574,15.61730828456285,15.316241700419381,15.13843344323518,0.9885874506817189,0.9877822104608762,0.9872938283019402
36,-24.281839886224958,4.507818438508179,6.692546277515445,9.656748373713882,-17.80368751262574,-17.321327934679754,-17.0247479303766,0.9936149493017458,0.9926299078292051,0.9919893214270341
37,24.281797197542645,4.693219545749027,6.9525334972901325,10.017406490133924,15.617449762553656,15.316220094067331,15.138672855344515,0.988587818177972,0.9877821470485677,0.9872944875482218
38,-24.28182793339391,4.507813478949588,6.692544093688062,9.65677402285456,-17.803734909714972,-17.321298647238063,-17.024775555695534,0.9936150661704806,0.9926298711650419,0.9919894086859545
39,24.281819395657447,4.693241819499694,6.952545449392415,10.017403134953645,15.617460812624726,15.316254891248843,15.13867804720216,0.98858778886681,0.98778218131724,0.9872944403838866
40,-24.281858669245178,4.50781214843867,6.692556285525582,9.656776859777063,-17.803684772748735,-17.32130391480901,-17.024781005066608,0.9936149069197275,0.9926298172973165,0.9919893529362845
41,24.281809150373693,4.6932370105603916,6.952540021037487,10.017414380183517,15.617318930512472,15.31618992682776,15.138473331440396,0.9885874427558635,0.9877820324842667,0.9872939010426376
42,-24.281822810752033,4.50780680360142,6.692551939605691,9.656763373369177,-17.803745486522306,-17.321245281959126,-17.024710075989905,0.9936150970848301,0.9926297691273179,0.9919892756150626
43,24.281838178677667,4.6932595299205335,6.952553667737243,10.017431734964982,15.617503088891059,15.316210603877801,15.138689479312317,0.9885878506367379,0.9877820097692468,0.9872944199971995
44,-24.281829640941204,4.507792023910967,6.692544575353495,9.65677353556766,-17.80368652759461,-17.321267825620193,-17.024707518773106,0.9936149675366173,0.9926298023628691,0.9919892549182894
45,24.281815980562865,4.6932439675068816,6.95254413646432,10.017420423457885,15.61721850578232,15.316167597676053,15.138639903984776,0.9885871607480857,0.9877819531721328,0.987294344070312
46,-24.281850131508712,4.5078153591865915,6.692555591640319,9.65676776106522,-17.80371352809806,-17.321270829146055,-17.024771026818556,0.9936149803556739,0.9926297653760373,0.9919893497603505
47,24.281815980562865,4.69322459246066,6.952538075876392,10.017406873667637,15.617437640966513,15.316181276294483,15.138543008242419,0.9885877369214752,0.9877819903774094,0.9872940753416516
48,-24.28183476358308,4.507812426303238,6.692545348700156,9.656781081790202,-17.80364492612086,-17.3212603579933,-17.024709714173557,0.9936148755293325,0.9926297757332081,0.9919892484644828
49,24.28182793339391,4.693244659061326,6.9525500279758425,10.017427875786801,15.617384991397595,15.31621607351976,15.138609387610979,0.9885875670635197,0.9877820525130918,0.9872942262874397
50,-24.28186379188705,4.507826306124815,6.692554372629485,9.656782083427426,-17.803672318562263,-17.321268681082834,-17.024739580396414,0.9936148723080445,0.992629731939532,0.9919892503118763
51,24.281817688110156,4.693228876722774,6.952543329753669,10.01744525595969,15.617417744090693,15.316186148562211,15.13861540004306,0.9885876801174849,0.9877819989853102,0.9872942713761856
52,-24.28183476358308,4.507816431387887,6.692544479816506,9.656767926348884,-17.80370359487242,-17.321277197936674,-17.02479060795855,0.993614991057417,0.9926298113513395,0.9919894268133036
53,24.28184671641413,4.693251173520091,6.952558419299795,10.017422593942271,15.617478841636533,15.31625024144452,15.138617560766813,0.988587764436321,0.9877820943592232,0.987294196862262
54,-24.281829640941204,4.507799362905109,6.69252997014372,9.656787055622544,-17.80368991238535,-17.321290253210364,-17.024751878139433,0.993614974201788,0.992629849799317,0.9919893527188474
55,24.281831348488495,4.693244389940444,6.952550873775709,10.017435355045995,15.617298673126069,15.316227376633636,15.138542126130279,0.9885873311270712,0.9877820739680984,0.9872940302738544
56,-24.281856961697883,4.507810776256459,6.692540169624069,9.65676500075041,-17.803768538535728,-17.321300840380353,-17.024754834833118,0.9936150752295312,0.9926298144062327,0.9919892990026677
57,24.281867206981634,4.693265882435126,6.952564311905432,10.017464450856368,15.617520807829486,15.316323166380627,15.138714792561874,0.9885878209014598,0.9877822369774134,0.9872944096940266
58,-24.28184842396142,4.507800240411814,6.692526201395775,9.656778579230666,-17.803683737203343,-17.321338135497463,-17.024788484623137,0.9936149250551888,0.9926299113467575,0.9919893920146577
59,24.281831348488495,4.693254800276803,6.952552952449089,10.017413331212223,15.617268423855691,15.316307622749951,15.13868251961947,0.9885872515919465,0.9877822922323414,0.9872944196380397
